site_id,ip_addr,readings,outliers,time_stamp
ug01,192_168_1_200,5016,1,2010-10-01 00:00:00
ug01,192_168_1_200,373347,12,2011-09-01 00:00:00
ug01,192_168_1_200,653005,27,2011-10-01 00:00:00
ug01,192_168_1_200,684031,246,2011-11-01 00:00:00
ug01,192_168_1_200,632038,150,2011-12-01 00:00:00
ug01,192_168_1_200,740459,40,2012-01-01 00:00:00
ug01,192_168_1_200,697679,202,2012-02-01 00:00:00
ug01,192_168_1_200,752275,274,2012-03-01 00:00:00
ug01,192_168_1_200,731787,39,2012-04-01 00:00:00
ug01,192_168_1_200,581961,441,2012-05-01 00:00:00
ug01,192_168_1_200,472227,14,2012-06-01 00:00:00
ug01,192_168_1_200,746802,61,2012-07-01 00:00:00
ug01,192_168_1_200,760304,34,2012-08-01 00:00:00
ug01,192_168_1_200,735847,52,2012-09-01 00:00:00
ug01,192_168_1_200,50012,0,2012-10-01 00:00:00
ug01,192_168_1_200,5,1,2013-08-01 00:00:00
ug01,192_168_1_201,1700,0,2010-10-01 00:00:00
ug01,192_168_1_201,99566,4,2011-09-01 00:00:00
ug01,192_168_1_201,180711,10,2011-10-01 00:00:00
ug01,192_168_1_201,175078,246,2011-11-01 00:00:00
ug01,192_168_1_201,180099,11,2011-12-01 00:00:00
ug01,192_168_1_201,223800,12,2012-01-01 00:00:00
ug01,192_168_1_201,177584,8,2012-02-01 00:00:00
ug01,192_168_1_201,157101,3,2012-03-01 00:00:00
ug01,192_168_1_201,88119,1,2012-04-01 00:00:00
ug01,192_168_1_201,106265,3,2012-05-01 00:00:00
ug01,192_168_1_201,65665,2,2012-06-01 00:00:00
ug01,192_168_1_201,125235,3,2012-07-01 00:00:00
ug01,192_168_1_201,221921,7,2012-08-01 00:00:00
ug01,192_168_1_201,195430,1,2012-09-01 00:00:00
ug01,192_168_1_201,184764,0,2012-10-01 00:00:00
ug01,192_168_1_201,149771,0,2012-11-01 00:00:00
ug01,192_168_1_201,141055,1,2012-12-01 00:00:00
ug01,192_168_1_201,122386,0,2013-01-01 00:00:00
ug01,192_168_1_201,141044,779,2013-02-01 00:00:00
ug01,192_168_1_201,148624,0,2013-03-01 00:00:00
ug01,192_168_1_201,273378,0,2013-04-01 00:00:00
ug01,192_168_1_201,304674,21,2013-05-01 00:00:00
ug01,192_168_1_201,247329,0,2013-06-01 00:00:00
ug01,192_168_1_201,173550,0,2013-07-01 00:00:00
ug01,192_168_1_201,194241,0,2013-08-01 00:00:00
ug01,192_168_1_201,119140,234,2013-09-01 00:00:00
ug01,192_168_1_202,1837,0,2010-10-01 00:00:00
ug01,192_168_1_202,79173,4,2011-09-01 00:00:00
ug01,192_168_1_202,191834,9,2011-10-01 00:00:00
ug01,192_168_1_202,157497,8,2011-11-01 00:00:00
ug01,192_168_1_202,147250,9,2011-12-01 00:00:00
ug01,192_168_1_202,165914,12,2012-01-01 00:00:00
ug01,192_168_1_202,127589,2,2012-02-01 00:00:00
ug01,192_168_1_202,149389,5,2012-03-01 00:00:00
ug01,192_168_1_202,163521,2,2012-04-01 00:00:00
ug01,192_168_1_202,136690,4,2012-05-01 00:00:00
ug01,192_168_1_202,90901,4,2012-06-01 00:00:00
ug01,192_168_1_202,151178,7,2012-07-01 00:00:00
ug01,192_168_1_202,182834,7,2012-08-01 00:00:00
ug01,192_168_1_202,190318,2,2012-09-01 00:00:00
ug01,192_168_1_202,215974,0,2012-10-01 00:00:00
ug01,192_168_1_202,132249,0,2012-11-01 00:00:00
ug01,192_168_1_202,186202,1,2012-12-01 00:00:00
ug01,192_168_1_202,153707,0,2013-01-01 00:00:00
ug01,192_168_1_202,145695,0,2013-02-01 00:00:00
ug01,192_168_1_202,197305,0,2013-03-01 00:00:00
ug01,192_168_1_202,156769,0,2013-04-01 00:00:00
ug01,192_168_1_202,203411,0,2013-05-01 00:00:00
ug01,192_168_1_202,190765,0,2013-06-01 00:00:00
ug01,192_168_1_202,204242,0,2013-07-01 00:00:00
ug01,192_168_1_202,228479,0,2013-08-01 00:00:00
ug01,192_168_1_202,66212,627,2013-09-01 00:00:00
ug01,192_168_1_203,1305,0,2010-10-01 00:00:00
ug01,192_168_1_203,62711,3,2011-09-01 00:00:00
ug01,192_168_1_203,95557,6,2011-10-01 00:00:00
ug01,192_168_1_203,104879,1,2011-11-01 00:00:00
ug01,192_168_1_203,62847,4,2011-12-01 00:00:00
ug01,192_168_1_203,71654,5,2012-01-01 00:00:00
ug01,192_168_1_203,71304,1,2012-02-01 00:00:00
ug01,192_168_1_203,88087,1,2012-03-01 00:00:00
ug01,192_168_1_203,86008,1,2012-04-01 00:00:00
ug01,192_168_1_203,90290,3,2012-05-01 00:00:00
ug01,192_168_1_203,53558,0,2012-06-01 00:00:00
ug01,192_168_1_203,54170,3,2012-07-01 00:00:00
ug01,192_168_1_203,73952,4,2012-08-01 00:00:00
ug01,192_168_1_203,74965,0,2012-09-01 00:00:00
ug01,192_168_1_203,128912,0,2012-10-01 00:00:00
ug01,192_168_1_203,72135,0,2012-11-01 00:00:00
ug01,192_168_1_203,117017,0,2012-12-01 00:00:00
ug01,192_168_1_203,86735,0,2013-01-01 00:00:00
ug01,192_168_1_203,80201,0,2013-02-01 00:00:00
ug01,192_168_1_203,121422,0,2013-03-01 00:00:00
ug01,192_168_1_203,146102,116,2013-04-01 00:00:00
ug01,192_168_1_203,124932,0,2013-05-01 00:00:00
ug01,192_168_1_203,113184,65,2013-06-01 00:00:00
ug01,192_168_1_203,97132,0,2013-07-01 00:00:00
ug01,192_168_1_203,106249,0,2013-08-01 00:00:00
ug01,192_168_1_203,37448,0,2013-09-01 00:00:00
ug01,192_168_1_204,1827,0,2010-10-01 00:00:00
ug01,192_168_1_204,502,0,2011-09-01 00:00:00
ug01,192_168_1_204,13394,0,2011-11-01 00:00:00
ug01,192_168_1_204,65556,221,2011-12-01 00:00:00
ug01,192_168_1_204,149656,5,2012-01-01 00:00:00
ug01,192_168_1_204,126574,99,2012-02-01 00:00:00
ug01,192_168_1_204,116645,3,2012-03-01 00:00:00
ug01,192_168_1_204,99882,2,2012-04-01 00:00:00
ug01,192_168_1_204,165631,2,2012-05-01 00:00:00
ug01,192_168_1_204,143460,2,2012-06-01 00:00:00
ug01,192_168_1_204,255477,5,2012-07-01 00:00:00
ug01,192_168_1_204,218141,2,2012-08-01 00:00:00
ug01,192_168_1_204,196386,2,2012-09-01 00:00:00
ug01,192_168_1_204,215874,1,2012-10-01 00:00:00
ug01,192_168_1_204,224103,0,2012-11-01 00:00:00
ug01,192_168_1_204,259981,0,2012-12-01 00:00:00
ug01,192_168_1_204,266204,0,2013-01-01 00:00:00
ug01,192_168_1_204,216425,0,2013-02-01 00:00:00
ug01,192_168_1_204,232281,0,2013-03-01 00:00:00
ug01,192_168_1_204,184755,0,2013-04-01 00:00:00
ug01,192_168_1_204,194776,0,2013-05-01 00:00:00
ug01,192_168_1_204,105561,0,2013-06-01 00:00:00
ug01,192_168_1_204,144695,0,2013-07-01 00:00:00
ug01,192_168_1_204,178623,1,2013-08-01 00:00:00
ug01,192_168_1_204,69055,440,2013-09-01 00:00:00
ug01,192_168_1_205,911,0,2010-10-01 00:00:00
ug01,192_168_1_205,137900,3,2011-09-01 00:00:00
ug01,192_168_1_205,261145,11,2011-10-01 00:00:00
ug01,192_168_1_205,244948,10,2011-11-01 00:00:00
ug01,192_168_1_205,205825,16,2011-12-01 00:00:00
ug01,192_168_1_205,209115,13,2012-01-01 00:00:00
ug01,192_168_1_205,140077,10,2012-02-01 00:00:00
ug01,192_168_1_205,62943,10,2012-03-01 00:00:00
ug01,192_168_1_205,11827,4,2012-04-01 00:00:00
ug01,192_168_1_205,78031,5,2012-05-01 00:00:00
ug01,192_168_1_205,126340,4,2012-06-01 00:00:00
ug01,192_168_1_205,230279,12,2012-07-01 00:00:00
ug01,192_168_1_205,246785,6,2012-08-01 00:00:00
ug01,192_168_1_205,285826,5,2012-09-01 00:00:00
ug01,192_168_1_205,103274,1,2012-10-01 00:00:00
ug01,192_168_1_205,162261,1,2012-11-01 00:00:00
ug01,192_168_1_205,286004,1,2012-12-01 00:00:00
ug01,192_168_1_205,241058,0,2013-01-01 00:00:00
ug01,192_168_1_205,237048,0,2013-02-01 00:00:00
ug01,192_168_1_205,254444,2,2013-03-01 00:00:00
ug01,192_168_1_205,168288,0,2013-04-01 00:00:00
ug01,192_168_1_205,255191,35,2013-05-01 00:00:00
ug01,192_168_1_205,290068,0,2013-06-01 00:00:00
ug01,192_168_1_205,327254,0,2013-07-01 00:00:00
ug01,192_168_1_205,275546,6,2013-08-01 00:00:00
ug01,192_168_1_205,88338,37,2013-09-01 00:00:00
ug01,192_168_1_206,1795,0,2010-10-01 00:00:00
ug01,192_168_1_206,89554,4,2011-09-01 00:00:00
ug01,192_168_1_206,177374,9,2011-10-01 00:00:00
ug01,192_168_1_206,163921,4,2011-11-01 00:00:00
ug01,192_168_1_206,165092,20,2011-12-01 00:00:00
ug01,192_168_1_206,139753,6,2012-01-01 00:00:00
ug01,192_168_1_206,161453,15,2012-02-01 00:00:00
ug01,192_168_1_206,190596,2,2012-03-01 00:00:00
ug01,192_168_1_206,192190,2,2012-04-01 00:00:00
ug01,192_168_1_206,125217,1,2012-05-01 00:00:00
ug01,192_168_1_206,101626,2,2012-06-01 00:00:00
ug01,192_168_1_206,139358,5,2012-07-01 00:00:00
ug01,192_168_1_206,126443,3,2012-08-01 00:00:00
ug01,192_168_1_206,123429,0,2012-09-01 00:00:00
ug01,192_168_1_206,103102,5,2012-10-01 00:00:00
ug01,192_168_1_206,5,0,2012-11-01 00:00:00
ug01,192_168_1_206,43791,1,2012-12-01 00:00:00
ug01,192_168_1_206,107105,2,2013-01-01 00:00:00
ug01,192_168_1_206,59273,0,2013-02-01 00:00:00
ug01,192_168_1_206,224896,1,2013-03-01 00:00:00
ug01,192_168_1_206,209777,0,2013-04-01 00:00:00
ug01,192_168_1_206,197114,0,2013-05-01 00:00:00
ug01,192_168_1_206,182944,2,2013-06-01 00:00:00
ug01,192_168_1_206,199734,0,2013-07-01 00:00:00
ug01,192_168_1_206,239413,0,2013-08-01 00:00:00
ug01,192_168_1_206,74665,0,2013-09-01 00:00:00
ug01,192_168_1_207,1135,0,2010-10-01 00:00:00
ug01,192_168_1_207,85774,1,2011-09-01 00:00:00
ug01,192_168_1_207,165367,9,2011-10-01 00:00:00
ug01,192_168_1_207,227011,21,2011-11-01 00:00:00
ug01,192_168_1_207,138094,8,2011-12-01 00:00:00
ug01,192_168_1_207,213650,4,2012-01-01 00:00:00
ug01,192_168_1_207,222464,6,2012-02-01 00:00:00
ug01,192_168_1_207,123314,1,2012-03-01 00:00:00
ug01,192_168_1_207,68444,0,2012-04-01 00:00:00
ug01,192_168_1_207,244233,187,2012-05-01 00:00:00
ug01,192_168_1_207,155173,6,2012-06-01 00:00:00
ug01,192_168_1_207,150162,8,2012-07-01 00:00:00
ug01,192_168_1_207,227376,5,2012-08-01 00:00:00
ug01,192_168_1_207,353907,4,2012-09-01 00:00:00
ug01,192_168_1_207,337336,1,2012-10-01 00:00:00
ug01,192_168_1_207,269134,0,2012-11-01 00:00:00
ug01,192_168_1_207,482899,1,2012-12-01 00:00:00
ug01,192_168_1_207,267626,0,2013-01-01 00:00:00
ug01,192_168_1_207,163416,320,2013-02-01 00:00:00
ug01,192_168_1_207,104984,0,2013-03-01 00:00:00
ug01,192_168_1_207,217676,1,2013-04-01 00:00:00
ug01,192_168_1_207,241212,0,2013-05-01 00:00:00
ug01,192_168_1_207,333199,0,2013-06-01 00:00:00
ug01,192_168_1_207,348529,0,2013-07-01 00:00:00
ug01,192_168_1_207,341967,0,2013-08-01 00:00:00
ug01,192_168_1_207,154620,0,2013-09-01 00:00:00
ug01,192_168_1_208,1771,0,2010-10-01 00:00:00
ug01,192_168_1_208,98772,4,2011-09-01 00:00:00
ug01,192_168_1_208,187444,9,2011-10-01 00:00:00
ug01,192_168_1_208,87472,3,2011-11-01 00:00:00
ug01,192_168_1_208,120204,6,2011-12-01 00:00:00
ug01,192_168_1_208,94882,5,2012-01-01 00:00:00
ug01,192_168_1_208,133740,1,2012-02-01 00:00:00
ug01,192_168_1_208,167008,7,2012-03-01 00:00:00
ug01,192_168_1_208,133013,1,2012-04-01 00:00:00
ug01,192_168_1_208,118765,2,2012-05-01 00:00:00
ug01,192_168_1_208,76975,4,2012-06-01 00:00:00
ug01,192_168_1_208,121535,3,2012-07-01 00:00:00
ug01,192_168_1_208,82187,4,2012-08-01 00:00:00
ug01,192_168_1_208,101943,0,2012-09-01 00:00:00
ug01,192_168_1_208,132391,0,2012-10-01 00:00:00
ug01,192_168_1_208,160812,0,2012-11-01 00:00:00
ug01,192_168_1_208,209885,0,2012-12-01 00:00:00
ug01,192_168_1_208,143489,0,2013-01-01 00:00:00
ug01,192_168_1_208,145421,0,2013-02-01 00:00:00
ug01,192_168_1_208,227098,0,2013-03-01 00:00:00
ug01,192_168_1_208,192012,0,2013-04-01 00:00:00
ug01,192_168_1_208,67395,0,2013-05-01 00:00:00
ug01,192_168_1_208,7,1,2013-08-01 00:00:00
ug01,192_168_1_208,33649,0,2013-09-01 00:00:00
ug01,192_168_1_209,1784,0,2010-10-01 00:00:00
ug01,192_168_1_209,22445,3,2011-09-01 00:00:00
ug01,192_168_1_209,32499,0,2011-10-01 00:00:00
ug01,192_168_1_209,125907,4,2011-11-01 00:00:00
ug01,192_168_1_209,151150,1,2011-12-01 00:00:00
ug01,192_168_1_209,66829,2,2012-01-01 00:00:00
ug01,192_168_1_209,41141,0,2012-02-01 00:00:00
ug01,192_168_1_209,22961,1,2012-03-01 00:00:00
ug01,192_168_1_209,58796,0,2012-04-01 00:00:00
ug01,192_168_1_209,25360,0,2012-05-01 00:00:00
ug01,192_168_1_209,42126,1,2012-06-01 00:00:00
ug01,192_168_1_209,46966,0,2012-07-01 00:00:00
ug01,192_168_1_209,12522,0,2012-08-01 00:00:00
ug01,192_168_1_209,50249,2,2012-09-01 00:00:00
ug01,192_168_1_209,124598,0,2012-10-01 00:00:00
ug01,192_168_1_209,76049,0,2012-11-01 00:00:00
ug01,192_168_1_209,140895,2,2012-12-01 00:00:00
ug01,192_168_1_209,86445,0,2013-01-01 00:00:00
ug01,192_168_1_209,140872,1632,2013-02-01 00:00:00
ug01,192_168_1_209,100161,0,2013-03-01 00:00:00
ug01,192_168_1_209,58340,0,2013-04-01 00:00:00
ug01,192_168_1_209,119006,1,2013-05-01 00:00:00
ug01,192_168_1_209,143055,0,2013-06-01 00:00:00
ug01,192_168_1_209,220455,1,2013-07-01 00:00:00
ug01,192_168_1_209,143758,1,2013-08-01 00:00:00
ug01,192_168_1_209,60290,375,2013-09-01 00:00:00
ug01,192_168_1_210,3748,0,2011-09-01 00:00:00
ug01,192_168_1_210,134702,6,2011-10-01 00:00:00
ug01,192_168_1_210,261656,242,2011-11-01 00:00:00
ug01,192_168_1_210,269947,8,2011-12-01 00:00:00
ug01,192_168_1_210,230377,7,2012-01-01 00:00:00
ug01,192_168_1_210,338310,12,2012-02-01 00:00:00
ug01,192_168_1_210,231620,6,2012-03-01 00:00:00
ug01,192_168_1_210,306064,6,2012-04-01 00:00:00
ug01,192_168_1_210,243485,1,2012-05-01 00:00:00
ug01,192_168_1_210,204601,2,2012-06-01 00:00:00
ug01,192_168_1_210,399785,15,2012-07-01 00:00:00
ug01,192_168_1_210,454197,10,2012-08-01 00:00:00
ug01,192_168_1_210,501908,3,2012-09-01 00:00:00
ug01,192_168_1_210,84887,0,2012-10-01 00:00:00
ug01,192_168_1_210,32375,0,2012-11-01 00:00:00
ug01,192_168_1_210,347770,1,2012-12-01 00:00:00
ug01,192_168_1_210,298761,0,2013-01-01 00:00:00
ug01,192_168_1_210,301548,1,2013-02-01 00:00:00
ug01,192_168_1_210,324623,0,2013-03-01 00:00:00
ug01,192_168_1_210,263223,0,2013-04-01 00:00:00
ug01,192_168_1_210,252526,0,2013-05-01 00:00:00
ug01,192_168_1_210,293886,0,2013-06-01 00:00:00
ug01,192_168_1_210,354071,0,2013-07-01 00:00:00
ug01,192_168_1_210,367151,0,2013-08-01 00:00:00
ug01,192_168_1_210,144624,0,2013-09-01 00:00:00
ug02,192_168_1_200,481308,37,2012-01-01 00:00:00
ug02,192_168_1_201,98071,0,2012-01-01 00:00:00
ug02,192_168_1_201,165012,0,2012-02-01 00:00:00
ug02,192_168_1_201,143709,0,2012-03-01 00:00:00
ug02,192_168_1_201,151800,0,2012-04-01 00:00:00
ug02,192_168_1_201,180838,1,2012-05-01 00:00:00
ug02,192_168_1_201,48020,0,2012-06-01 00:00:00
ug02,192_168_1_201,7254,0,2013-06-01 00:00:00
ug02,192_168_1_201,8064,1,2013-07-01 00:00:00
ug02,192_168_1_201,51330,0,2013-08-01 00:00:00
ug02,192_168_1_201,25406,0,2013-09-01 00:00:00
ug02,192_168_1_202,84893,0,2012-02-01 00:00:00
ug02,192_168_1_202,93323,0,2012-03-01 00:00:00
ug02,192_168_1_202,102952,0,2012-04-01 00:00:00
ug02,192_168_1_202,96940,0,2012-05-01 00:00:00
ug02,192_168_1_202,42718,0,2012-06-01 00:00:00
ug02,192_168_1_202,12158,1,2013-06-01 00:00:00
ug02,192_168_1_202,7129,1,2013-07-01 00:00:00
ug02,192_168_1_202,63320,1,2013-08-01 00:00:00
ug02,192_168_1_202,14508,0,2013-09-01 00:00:00
ug02,192_168_1_203,58309,0,2012-01-01 00:00:00
ug02,192_168_1_203,61704,0,2012-02-01 00:00:00
ug02,192_168_1_203,73055,0,2012-03-01 00:00:00
ug02,192_168_1_203,72952,0,2012-04-01 00:00:00
ug02,192_168_1_203,96644,0,2012-05-01 00:00:00
ug02,192_168_1_203,32584,0,2012-06-01 00:00:00
ug02,192_168_1_203,4852,1,2013-06-01 00:00:00
ug02,192_168_1_203,4496,1,2013-07-01 00:00:00
ug02,192_168_1_203,37049,1,2013-08-01 00:00:00
ug02,192_168_1_203,25494,0,2013-09-01 00:00:00
ug02,192_168_1_204,355220,0,2012-01-01 00:00:00
ug02,192_168_1_204,362401,2,2012-02-01 00:00:00
ug02,192_168_1_204,373770,0,2012-03-01 00:00:00
ug02,192_168_1_204,334235,0,2012-04-01 00:00:00
ug02,192_168_1_204,325459,2,2012-05-01 00:00:00
ug02,192_168_1_204,112654,1,2012-06-01 00:00:00
ug02,192_168_1_204,22310,2,2013-06-01 00:00:00
ug02,192_168_1_204,24466,2,2013-07-01 00:00:00
ug02,192_168_1_204,169224,1,2013-08-01 00:00:00
ug02,192_168_1_204,81890,1,2013-09-01 00:00:00
ug02,192_168_1_205,158161,0,2012-01-01 00:00:00
ug02,192_168_1_205,161025,0,2012-02-01 00:00:00
ug02,192_168_1_205,225611,0,2012-03-01 00:00:00
ug02,192_168_1_205,230459,0,2012-04-01 00:00:00
ug02,192_168_1_205,173736,1,2012-05-01 00:00:00
ug02,192_168_1_205,53023,0,2012-06-01 00:00:00
ug02,192_168_1_205,32074,2,2013-06-01 00:00:00
ug02,192_168_1_205,16686,7,2013-07-01 00:00:00
ug02,192_168_1_205,224207,1,2013-08-01 00:00:00
ug02,192_168_1_205,115023,2,2013-09-01 00:00:00
ug02,192_168_1_206,337589,8,2012-01-01 00:00:00
ug02,192_168_1_206,97524,6,2012-02-01 00:00:00
ug02,192_168_1_206,4407,0,2012-05-01 00:00:00
ug02,192_168_1_206,93356,7,2012-06-01 00:00:00
ug02,192_168_1_206,15209,3,2013-06-01 00:00:00
ug02,192_168_1_206,36599,4,2013-07-01 00:00:00
ug02,192_168_1_206,108453,1,2013-08-01 00:00:00
ug02,192_168_1_206,71901,1,2013-09-01 00:00:00
ug02,192_168_1_207,171678,43,2012-01-01 00:00:00
ug02,192_168_1_207,212547,2,2012-02-01 00:00:00
ug02,192_168_1_207,198336,140,2012-03-01 00:00:00
ug02,192_168_1_207,119319,4,2012-04-01 00:00:00
ug02,192_168_1_207,25406,0,2012-05-01 00:00:00
ug02,192_168_1_207,122505,1,2012-06-01 00:00:00
ug02,192_168_1_207,29812,4,2013-06-01 00:00:00
ug02,192_168_1_207,37434,7,2013-07-01 00:00:00
ug02,192_168_1_207,266099,3,2013-08-01 00:00:00
ug02,192_168_1_207,172622,4,2013-09-01 00:00:00
ug02,192_168_1_208,101596,1,2012-01-01 00:00:00
ug02,192_168_1_208,120509,2,2012-02-01 00:00:00
ug02,192_168_1_208,190666,1,2012-03-01 00:00:00
ug02,192_168_1_208,163903,3,2012-04-01 00:00:00
ug02,192_168_1_208,132310,8,2012-05-01 00:00:00
ug02,192_168_1_208,58102,1,2012-06-01 00:00:00
ug02,192_168_1_208,16531,1,2013-06-01 00:00:00
ug02,192_168_1_208,22685,2,2013-07-01 00:00:00
ug02,192_168_1_208,140910,2,2013-08-01 00:00:00
ug02,192_168_1_208,64953,1,2013-09-01 00:00:00
ug02,192_168_1_209,504321,0,2012-01-01 00:00:00
ug02,192_168_1_209,290513,0,2012-02-01 00:00:00
ug02,192_168_1_209,165351,0,2012-03-01 00:00:00
ug02,192_168_1_209,363618,0,2012-04-01 00:00:00
ug02,192_168_1_209,437510,0,2012-05-01 00:00:00
ug02,192_168_1_209,165400,0,2012-06-01 00:00:00
ug02,192_168_1_209,16068,0,2013-06-01 00:00:00
ug02,192_168_1_209,20793,1,2013-07-01 00:00:00
ug02,192_168_1_209,339256,2,2013-08-01 00:00:00
ug02,192_168_1_209,166621,1,2013-09-01 00:00:00
ug02,192_168_1_210,298921,0,2012-01-01 00:00:00
ug02,192_168_1_210,285505,1,2012-02-01 00:00:00
ug02,192_168_1_210,387107,0,2012-03-01 00:00:00
ug02,192_168_1_210,399758,0,2012-04-01 00:00:00
ug02,192_168_1_210,333452,1,2012-05-01 00:00:00
ug02,192_168_1_210,104835,0,2012-06-01 00:00:00
ug02,192_168_1_210,13817,0,2013-06-01 00:00:00
ug02,192_168_1_210,25477,1,2013-07-01 00:00:00
ug02,192_168_1_210,135846,1,2013-08-01 00:00:00
ug02,192_168_1_210,95019,1,2013-09-01 00:00:00
ug03,192_168_1_200,100,0,2000-01-01 00:00:00
ug03,192_168_1_200,480469,98,2011-08-01 00:00:00
ug03,192_168_1_200,577140,0,2011-09-01 00:00:00
ug03,192_168_1_200,769309,1,2011-10-01 00:00:00
ug03,192_168_1_200,745250,2,2011-11-01 00:00:00
ug03,192_168_1_200,738055,0,2011-12-01 00:00:00
ug03,192_168_1_200,771032,0,2012-01-01 00:00:00
ug03,192_168_1_200,716332,0,2012-02-01 00:00:00
ug03,192_168_1_200,753580,1,2012-03-01 00:00:00
ug03,192_168_1_200,657195,0,2012-04-01 00:00:00
ug03,192_168_1_200,755490,0,2012-05-01 00:00:00
ug03,192_168_1_200,508393,2,2012-06-01 00:00:00
ug03,192_168_1_200,771227,1,2012-07-01 00:00:00
ug03,192_168_1_200,770323,0,2012-08-01 00:00:00
ug03,192_168_1_200,735826,1,2012-09-01 00:00:00
ug03,192_168_1_200,677807,3,2012-10-01 00:00:00
ug03,192_168_1_200,293507,51,2012-11-01 00:00:00
ug03,192_168_1_200,531567,108,2012-12-01 00:00:00
ug03,192_168_1_200,679846,9,2013-01-01 00:00:00
ug03,192_168_1_200,696175,6,2013-02-01 00:00:00
ug03,192_168_1_200,770787,3,2013-03-01 00:00:00
ug03,192_168_1_200,745610,9,2013-04-01 00:00:00
ug03,192_168_1_200,573692,2,2013-05-01 00:00:00
ug03,192_168_1_200,693694,4,2013-06-01 00:00:00
ug03,192_168_1_200,770844,15,2013-07-01 00:00:00
ug03,192_168_1_200,770185,11,2013-08-01 00:00:00
ug03,192_168_1_200,261824,0,2013-09-01 00:00:00
ug03,192_168_1_201,1,0,2000-01-01 00:00:00
ug03,192_168_1_201,223,0,2011-08-01 00:00:00
ug03,192_168_1_201,150728,0,2011-09-01 00:00:00
ug03,192_168_1_201,394820,0,2011-10-01 00:00:00
ug03,192_168_1_201,329770,0,2011-11-01 00:00:00
ug03,192_168_1_201,1,0,2011-12-01 00:00:00
ug03,192_168_1_201,76435,0,2012-01-01 00:00:00
ug03,192_168_1_201,388176,0,2012-02-01 00:00:00
ug03,192_168_1_201,486866,0,2012-03-01 00:00:00
ug03,192_168_1_201,216859,0,2012-04-01 00:00:00
ug03,192_168_1_201,194901,0,2012-05-01 00:00:00
ug03,192_168_1_201,347676,2,2012-06-01 00:00:00
ug03,192_168_1_201,467712,1,2012-07-01 00:00:00
ug03,192_168_1_201,138131,0,2012-08-01 00:00:00
ug03,192_168_1_201,414938,2,2012-09-01 00:00:00
ug03,192_168_1_201,494486,1,2012-10-01 00:00:00
ug03,192_168_1_201,199442,28,2012-11-01 00:00:00
ug03,192_168_1_201,91089,12,2012-12-01 00:00:00
ug03,192_168_1_201,220939,6,2013-01-01 00:00:00
ug03,192_168_1_201,457481,8,2013-02-01 00:00:00
ug03,192_168_1_201,632344,2,2013-03-01 00:00:00
ug03,192_168_1_201,561568,6,2013-04-01 00:00:00
ug03,192_168_1_201,209328,2,2013-05-01 00:00:00
ug03,192_168_1_201,667511,5,2013-06-01 00:00:00
ug03,192_168_1_201,729057,7,2013-07-01 00:00:00
ug03,192_168_1_201,423873,7,2013-08-01 00:00:00
ug03,192_168_1_201,43534,0,2013-09-01 00:00:00
ug03,192_168_1_202,370,0,2011-08-01 00:00:00
ug03,192_168_1_202,239467,0,2011-09-01 00:00:00
ug03,192_168_1_202,467052,0,2011-10-01 00:00:00
ug03,192_168_1_202,374585,0,2011-11-01 00:00:00
ug03,192_168_1_202,239589,0,2011-12-01 00:00:00
ug03,192_168_1_202,318293,0,2012-01-01 00:00:00
ug03,192_168_1_202,385314,0,2012-02-01 00:00:00
ug03,192_168_1_202,430419,0,2012-03-01 00:00:00
ug03,192_168_1_202,416483,0,2012-04-01 00:00:00
ug03,192_168_1_202,454272,0,2012-05-01 00:00:00
ug03,192_168_1_202,249967,0,2012-06-01 00:00:00
ug03,192_168_1_202,41756,0,2012-08-01 00:00:00
ug03,192_168_1_202,591783,0,2012-09-01 00:00:00
ug03,192_168_1_202,479818,0,2012-10-01 00:00:00
ug03,192_168_1_202,168416,5,2012-11-01 00:00:00
ug03,192_168_1_202,41394,0,2013-01-01 00:00:00
ug03,192_168_1_202,448297,0,2013-02-01 00:00:00
ug03,192_168_1_202,471701,0,2013-03-01 00:00:00
ug03,192_168_1_202,394625,0,2013-04-01 00:00:00
ug03,192_168_1_202,315109,0,2013-05-01 00:00:00
ug03,192_168_1_202,454339,1,2013-06-01 00:00:00
ug03,192_168_1_202,420475,0,2013-07-01 00:00:00
ug03,192_168_1_202,485660,0,2013-08-01 00:00:00
ug03,192_168_1_202,147545,0,2013-09-01 00:00:00
ug03,192_168_1_203,216,0,2011-08-01 00:00:00
ug03,192_168_1_203,2297,0,2011-09-01 00:00:00
ug03,192_168_1_203,54296,0,2012-06-01 00:00:00
ug03,192_168_1_203,614689,0,2012-07-01 00:00:00
ug03,192_168_1_203,494688,0,2012-08-01 00:00:00
ug03,192_168_1_204,1,0,2000-01-01 00:00:00
ug03,192_168_1_204,205,0,2011-08-01 00:00:00
ug03,192_168_1_204,2335,0,2011-09-01 00:00:00
ug03,192_168_1_204,4,1,2013-08-01 00:00:00
ug03,192_168_1_205,3284,0,2011-08-01 00:00:00
ug03,192_168_1_205,15561,0,2011-09-01 00:00:00
ug03,192_168_1_205,7395,0,2011-10-01 00:00:00
ug03,192_168_1_205,12108,2,2011-11-01 00:00:00
ug03,192_168_1_205,138,0,2011-12-01 00:00:00
ug03,192_168_1_205,1772,0,2012-04-01 00:00:00
ug03,192_168_1_205,1238,0,2012-06-01 00:00:00
ug03,192_168_1_205,7,0,2012-07-01 00:00:00
ug03,192_168_1_205,1,0,2012-08-01 00:00:00
ug03,192_168_1_205,21,0,2012-10-01 00:00:00
ug03,192_168_1_205,25,0,2012-11-01 00:00:00
ug03,192_168_1_205,23,0,2013-01-01 00:00:00
ug03,192_168_1_205,299,0,2013-04-01 00:00:00
ug03,192_168_1_205,120,0,2013-06-01 00:00:00
ug03,192_168_1_205,4,1,2013-08-01 00:00:00
ug03,192_168_1_208,3,0,2013-08-01 00:00:00
ug03,192_168_1_209,3,0,2013-08-01 00:00:00
ug04,192_168_1_200,217544,0,2012-01-01 00:00:00
ug04,192_168_1_200,273643,5,2012-02-01 00:00:00
ug04,192_168_1_200,87928,0,2012-03-01 00:00:00
ug04,192_168_1_200,644161,4,2012-04-01 00:00:00
ug04,192_168_1_200,371309,0,2012-05-01 00:00:00
ug04,192_168_1_200,361193,68,2012-11-01 00:00:00
ug04,192_168_1_200,754808,503,2012-12-01 00:00:00
ug04,192_168_1_200,756942,1853,2013-01-01 00:00:00
ug04,192_168_1_200,574562,1723,2013-02-01 00:00:00
ug04,192_168_1_200,721501,1840,2013-03-01 00:00:00
ug04,192_168_1_200,185888,649,2013-04-01 00:00:00
ug04,192_168_1_200,644119,1338,2013-08-01 00:00:00
ug04,192_168_1_200,263287,599,2013-09-01 00:00:00
ug04,192_168_1_201,6,0,2012-01-01 00:00:00
ug04,192_168_1_201,86,0,2012-02-01 00:00:00
ug04,192_168_1_201,16199,1,2012-11-01 00:00:00
ug04,192_168_1_201,47168,3,2012-12-01 00:00:00
ug04,192_168_1_201,51887,0,2013-01-01 00:00:00
ug04,192_168_1_201,96982,0,2013-02-01 00:00:00
ug04,192_168_1_201,210944,0,2013-03-01 00:00:00
ug04,192_168_1_201,46256,0,2013-04-01 00:00:00
ug04,192_168_1_201,192219,0,2013-08-01 00:00:00
ug04,192_168_1_201,54039,1,2013-09-01 00:00:00
ug04,192_168_1_202,8697,0,2012-01-01 00:00:00
ug04,192_168_1_202,37077,0,2012-02-01 00:00:00
ug04,192_168_1_202,2820,0,2012-03-01 00:00:00
ug04,192_168_1_202,2,0,2013-02-01 00:00:00
ug04,192_168_1_202,34895,0,2013-08-01 00:00:00
ug04,192_168_1_202,45729,0,2013-09-01 00:00:00
ug04,192_168_1_203,39771,0,2012-01-01 00:00:00
ug04,192_168_1_203,37903,0,2012-02-01 00:00:00
ug04,192_168_1_203,10186,0,2012-03-01 00:00:00
ug04,192_168_1_203,119366,0,2012-04-01 00:00:00
ug04,192_168_1_203,35177,3,2012-11-01 00:00:00
ug04,192_168_1_203,31104,2,2013-01-01 00:00:00
ug04,192_168_1_203,208219,1,2013-02-01 00:00:00
ug04,192_168_1_203,194143,0,2013-03-01 00:00:00
ug04,192_168_1_203,44072,0,2013-04-01 00:00:00
ug04,192_168_1_203,331219,1,2013-08-01 00:00:00
ug04,192_168_1_203,74504,0,2013-09-01 00:00:00
ug04,192_168_1_204,151127,0,2012-01-01 00:00:00
ug04,192_168_1_204,200262,1,2012-02-01 00:00:00
ug04,192_168_1_204,49976,0,2012-03-01 00:00:00
ug04,192_168_1_204,374781,4,2012-04-01 00:00:00
ug04,192_168_1_204,211825,0,2012-05-01 00:00:00
ug04,192_168_1_204,224134,10,2012-11-01 00:00:00
ug04,192_168_1_204,427433,14,2012-12-01 00:00:00
ug04,192_168_1_204,463992,2,2013-01-01 00:00:00
ug04,192_168_1_204,339782,1,2013-02-01 00:00:00
ug04,192_168_1_204,421055,0,2013-03-01 00:00:00
ug04,192_168_1_204,111424,0,2013-04-01 00:00:00
ug04,192_168_1_204,381106,1,2013-08-01 00:00:00
ug04,192_168_1_204,151468,0,2013-09-01 00:00:00
ug04,192_168_1_205,48924,0,2012-01-01 00:00:00
ug04,192_168_1_205,6184,0,2012-02-01 00:00:00
ug04,192_168_1_205,34354,0,2012-03-01 00:00:00
ug04,192_168_1_205,133822,0,2012-04-01 00:00:00
ug04,192_168_1_205,92048,0,2012-05-01 00:00:00
ug04,192_168_1_205,104556,4,2012-11-01 00:00:00
ug04,192_168_1_205,224310,6,2012-12-01 00:00:00
ug04,192_168_1_205,204212,1,2013-01-01 00:00:00
ug04,192_168_1_205,194752,0,2013-02-01 00:00:00
ug04,192_168_1_205,252956,0,2013-03-01 00:00:00
ug04,192_168_1_205,68564,0,2013-04-01 00:00:00
ug04,192_168_1_205,310333,1,2013-08-01 00:00:00
ug04,192_168_1_205,155910,1,2013-09-01 00:00:00
ug04,192_168_1_206,518,0,2012-01-01 00:00:00
ug04,192_168_1_206,18319,0,2012-03-01 00:00:00
ug04,192_168_1_206,156897,0,2012-04-01 00:00:00
ug04,192_168_1_206,96906,0,2012-05-01 00:00:00
ug04,192_168_1_206,94527,3,2012-11-01 00:00:00
ug04,192_168_1_206,262626,8,2012-12-01 00:00:00
ug04,192_168_1_206,227212,4,2013-01-01 00:00:00
ug04,192_168_1_206,170060,0,2013-02-01 00:00:00
ug04,192_168_1_206,190948,0,2013-03-01 00:00:00
ug04,192_168_1_206,46800,0,2013-04-01 00:00:00
ug04,192_168_1_206,225468,0,2013-08-01 00:00:00
ug04,192_168_1_206,168784,1,2013-09-01 00:00:00
ug04,192_168_1_207,47642,0,2012-01-01 00:00:00
ug04,192_168_1_207,67918,0,2012-02-01 00:00:00
ug04,192_168_1_207,20396,0,2012-03-01 00:00:00
ug04,192_168_1_207,163958,0,2012-04-01 00:00:00
ug04,192_168_1_207,80751,0,2012-05-01 00:00:00
ug04,192_168_1_207,145539,3,2012-11-01 00:00:00
ug04,192_168_1_207,368417,10,2012-12-01 00:00:00
ug04,192_168_1_207,226067,2,2013-01-01 00:00:00
ug04,192_168_1_207,228398,1,2013-02-01 00:00:00
ug04,192_168_1_207,289925,0,2013-03-01 00:00:00
ug04,192_168_1_207,75981,0,2013-04-01 00:00:00
ug04,192_168_1_207,389639,0,2013-08-01 00:00:00
ug04,192_168_1_207,152608,0,2013-09-01 00:00:00
ug04,192_168_1_208,210,0,2012-05-01 00:00:00
ug04,192_168_1_208,11,0,2012-11-01 00:00:00
ug04,192_168_1_208,43228,1,2012-12-01 00:00:00
ug04,192_168_1_208,332018,1,2013-01-01 00:00:00
ug04,192_168_1_208,349413,2,2013-02-01 00:00:00
ug04,192_168_1_208,443971,4,2013-03-01 00:00:00
ug04,192_168_1_208,127075,0,2013-04-01 00:00:00
ug04,192_168_1_208,372069,3,2013-08-01 00:00:00
ug04,192_168_1_208,127870,46,2013-09-01 00:00:00
ug04,192_168_1_209,6207,0,2012-01-01 00:00:00
ug04,192_168_1_209,24738,0,2012-05-01 00:00:00
ug04,192_168_1_209,131937,6,2012-11-01 00:00:00
ug04,192_168_1_209,258573,12,2012-12-01 00:00:00
ug04,192_168_1_209,203616,3,2013-01-01 00:00:00
ug04,192_168_1_209,69627,1,2013-02-01 00:00:00
ug04,192_168_1_209,252650,1,2013-03-01 00:00:00
ug04,192_168_1_209,81856,0,2013-04-01 00:00:00
ug04,192_168_1_209,254730,3,2013-08-01 00:00:00
ug04,192_168_1_209,86469,0,2013-09-01 00:00:00
ug04,192_168_1_210,3056,0,2012-01-01 00:00:00
ug04,192_168_1_210,1184,0,2012-03-01 00:00:00
ug05,192_168_1_200,12,0,2013-08-01 00:00:00
ug05,192_168_1_202,149686,0,2012-01-01 00:00:00
ug05,192_168_1_202,105464,0,2012-02-01 00:00:00
ug05,192_168_1_202,33902,0,2012-04-01 00:00:00
ug05,192_168_1_202,156311,0,2012-05-01 00:00:00
ug05,192_168_1_202,151493,1,2012-06-01 00:00:00
ug05,192_168_1_202,50835,0,2012-07-01 00:00:00
ug05,192_168_1_202,67529,0,2013-06-01 00:00:00
ug05,192_168_1_202,168489,0,2013-07-01 00:00:00
ug05,192_168_1_202,285808,0,2013-08-01 00:00:00
ug05,192_168_1_203,59953,0,2013-06-01 00:00:00
ug05,192_168_1_203,54658,0,2013-07-01 00:00:00
ug05,192_168_1_203,44523,0,2013-08-01 00:00:00
ug05,192_168_1_203,10,0,2013-09-01 00:00:00
ug05,192_168_1_204,226274,0,2012-01-01 00:00:00
ug05,192_168_1_204,196210,0,2012-02-01 00:00:00
ug05,192_168_1_204,131539,0,2012-03-01 00:00:00
ug05,192_168_1_204,46739,1,2012-04-01 00:00:00
ug05,192_168_1_204,13,0,2013-08-01 00:00:00
ug05,192_168_1_205,142766,0,2012-01-01 00:00:00
ug05,192_168_1_205,163579,0,2012-02-01 00:00:00
ug05,192_168_1_205,185339,0,2012-03-01 00:00:00
ug05,192_168_1_205,154314,0,2012-04-01 00:00:00
ug05,192_168_1_205,194106,0,2012-05-01 00:00:00
ug05,192_168_1_205,101956,1,2012-06-01 00:00:00
ug05,192_168_1_205,20666,0,2013-06-01 00:00:00
ug05,192_168_1_205,142213,0,2013-07-01 00:00:00
ug05,192_168_1_205,135541,1,2013-08-01 00:00:00
ug05,192_168_1_205,2607,0,2013-09-01 00:00:00
ug05,192_168_1_206,71046,0,2012-05-01 00:00:00
ug05,192_168_1_206,304479,5,2012-06-01 00:00:00
ug05,192_168_1_206,96287,1,2012-07-01 00:00:00
ug05,192_168_1_206,33583,0,2013-06-01 00:00:00
ug05,192_168_1_206,101407,0,2013-07-01 00:00:00
ug05,192_168_1_206,141482,0,2013-08-01 00:00:00
ug05,192_168_1_206,14,0,2034-06-01 00:00:00
ug05,192_168_1_208,14,0,2013-08-01 00:00:00
ug05,192_168_1_209,13,0,2013-08-01 00:00:00
ug06,192_168_1_200,102,1,2011-04-01 00:00:00
ug06,192_168_1_200,658882,2,2011-12-01 00:00:00
ug06,192_168_1_200,770822,0,2012-01-01 00:00:00
ug06,192_168_1_200,677765,1,2012-02-01 00:00:00
ug06,192_168_1_200,742159,46,2012-03-01 00:00:00
ug06,192_168_1_200,727437,0,2012-04-01 00:00:00
ug06,192_168_1_200,621786,17,2012-05-01 00:00:00
ug06,192_168_1_200,55190,0,2012-07-01 00:00:00
ug06,192_168_1_200,65084,23,2012-08-01 00:00:00
ug06,192_168_1_200,610664,150,2012-09-01 00:00:00
ug06,192_168_1_200,474080,1094,2012-10-01 00:00:00
ug06,192_168_1_200,518517,1132,2012-11-01 00:00:00
ug06,192_168_1_200,507840,736,2012-12-01 00:00:00
ug06,192_168_1_200,666903,1344,2013-01-01 00:00:00
ug06,192_168_1_200,243168,250,2013-02-01 00:00:00
ug06,192_168_1_200,764939,1091,2013-03-01 00:00:00
ug06,192_168_1_200,745123,1260,2013-04-01 00:00:00
ug06,192_168_1_200,586678,1993,2013-05-01 00:00:00
ug06,192_168_1_200,586769,4236,2013-06-01 00:00:00
ug06,192_168_1_200,729009,1480,2013-07-01 00:00:00
ug06,192_168_1_200,543808,1664,2013-08-01 00:00:00
ug06,192_168_1_200,178291,287,2013-09-01 00:00:00
ug06,192_168_1_201,731,0,2011-12-01 00:00:00
ug06,192_168_1_201,238794,7,2012-11-01 00:00:00
ug06,192_168_1_201,496873,1,2012-12-01 00:00:00
ug06,192_168_1_201,63768,0,2013-01-01 00:00:00
ug06,192_168_1_201,17609,0,2013-02-01 00:00:00
ug06,192_168_1_201,126049,3,2013-03-01 00:00:00
ug06,192_168_1_201,107808,0,2013-04-01 00:00:00
ug06,192_168_1_201,100712,1,2013-05-01 00:00:00
ug06,192_168_1_201,135956,1,2013-06-01 00:00:00
ug06,192_168_1_201,39189,95,2013-07-01 00:00:00
ug06,192_168_1_201,47384,1,2013-08-01 00:00:00
ug06,192_168_1_202,92,0,2011-12-01 00:00:00
ug06,192_168_1_203,65,0,2011-12-01 00:00:00
ug06,192_168_1_203,9532,0,2012-10-01 00:00:00
ug06,192_168_1_203,209257,108,2012-11-01 00:00:00
ug06,192_168_1_203,357969,0,2012-12-01 00:00:00
ug06,192_168_1_203,422368,0,2013-01-01 00:00:00
ug06,192_168_1_203,181105,1,2013-02-01 00:00:00
ug06,192_168_1_203,510782,0,2013-03-01 00:00:00
ug06,192_168_1_203,575639,0,2013-04-01 00:00:00
ug06,192_168_1_203,370070,78,2013-05-01 00:00:00
ug06,192_168_1_203,275456,3880,2013-06-01 00:00:00
ug06,192_168_1_203,317646,0,2013-07-01 00:00:00
ug06,192_168_1_203,86738,0,2013-08-01 00:00:00
ug06,192_168_1_203,3251,0,2013-09-01 00:00:00
ug06,192_168_1_204,140,0,2011-12-01 00:00:00
ug06,192_168_1_204,10375,0,2012-08-01 00:00:00
ug06,192_168_1_204,137924,0,2012-09-01 00:00:00
ug06,192_168_1_204,100932,0,2012-10-01 00:00:00
ug06,192_168_1_204,91725,102,2012-11-01 00:00:00
ug06,192_168_1_204,96552,0,2012-12-01 00:00:00
ug06,192_168_1_204,237160,0,2013-01-01 00:00:00
ug06,192_168_1_204,107270,0,2013-02-01 00:00:00
ug06,192_168_1_204,339704,0,2013-03-01 00:00:00
ug06,192_168_1_204,325516,0,2013-04-01 00:00:00
ug06,192_168_1_204,208660,483,2013-05-01 00:00:00
ug06,192_168_1_204,193401,2,2013-06-01 00:00:00
ug06,192_168_1_204,238274,0,2013-07-01 00:00:00
ug06,192_168_1_204,231777,219,2013-08-01 00:00:00
ug06,192_168_1_204,74467,0,2013-09-01 00:00:00
ug06,192_168_1_205,765,0,2011-12-01 00:00:00
ug06,192_168_1_205,12526,0,2012-08-01 00:00:00
ug06,192_168_1_205,117096,0,2012-09-01 00:00:00
ug06,192_168_1_205,69370,0,2012-10-01 00:00:00
ug06,192_168_1_205,119006,12,2012-11-01 00:00:00
ug06,192_168_1_205,115399,0,2012-12-01 00:00:00
ug06,192_168_1_205,112698,0,2013-01-01 00:00:00
ug06,192_168_1_205,34469,0,2013-02-01 00:00:00
ug06,192_168_1_205,15786,0,2013-03-01 00:00:00
ug06,192_168_1_205,141,0,2013-05-01 00:00:00
ug06,192_168_1_205,426663,0,2013-06-01 00:00:00
ug06,192_168_1_205,166978,30,2013-07-01 00:00:00
ug06,192_168_1_205,131399,244,2013-08-01 00:00:00
ug06,192_168_1_205,45481,0,2013-09-01 00:00:00
ug06,192_168_1_206,219,0,2011-12-01 00:00:00
ug06,192_168_1_206,29479,0,2012-03-01 00:00:00
ug06,192_168_1_206,348247,0,2012-04-01 00:00:00
ug06,192_168_1_206,372641,0,2012-05-01 00:00:00
ug06,192_168_1_206,38486,0,2012-07-01 00:00:00
ug06,192_168_1_206,53850,0,2012-08-01 00:00:00
ug06,192_168_1_206,392110,1,2012-09-01 00:00:00
ug06,192_168_1_206,295499,0,2012-10-01 00:00:00
ug06,192_168_1_206,293535,107,2012-11-01 00:00:00
ug06,192_168_1_206,305913,2,2012-12-01 00:00:00
ug06,192_168_1_206,369172,1,2013-01-01 00:00:00
ug06,192_168_1_206,147525,0,2013-02-01 00:00:00
ug06,192_168_1_206,384829,337,2013-03-01 00:00:00
ug06,192_168_1_206,383695,1,2013-04-01 00:00:00
ug06,192_168_1_206,298741,449,2013-05-01 00:00:00
ug06,192_168_1_206,281384,20,2013-06-01 00:00:00
ug06,192_168_1_206,352860,256,2013-07-01 00:00:00
ug06,192_168_1_206,274769,215,2013-08-01 00:00:00
ug06,192_168_1_206,141038,0,2013-09-01 00:00:00
ug06,192_168_1_207,281676,0,2011-12-01 00:00:00
ug06,192_168_1_207,310776,0,2012-01-01 00:00:00
ug06,192_168_1_207,464486,0,2012-02-01 00:00:00
ug06,192_168_1_207,426259,1,2012-03-01 00:00:00
ug06,192_168_1_207,18553,0,2012-08-01 00:00:00
ug06,192_168_1_207,103914,0,2012-09-01 00:00:00
ug06,192_168_1_207,103119,0,2012-10-01 00:00:00
ug06,192_168_1_207,104900,0,2012-11-01 00:00:00
ug06,192_168_1_207,102817,0,2012-12-01 00:00:00
ug06,192_168_1_207,159613,0,2013-01-01 00:00:00
ug06,192_168_1_207,56228,0,2013-02-01 00:00:00
ug06,192_168_1_207,59695,0,2013-03-01 00:00:00
ug06,192_168_1_207,190371,0,2013-04-01 00:00:00
ug06,192_168_1_207,211999,0,2013-05-01 00:00:00
ug06,192_168_1_207,210152,440,2013-06-01 00:00:00
ug06,192_168_1_207,245987,0,2013-07-01 00:00:00
ug06,192_168_1_207,195281,244,2013-08-01 00:00:00
ug06,192_168_1_207,69157,0,2013-09-01 00:00:00
ug06,192_168_1_208,702,0,2011-12-01 00:00:00
ug06,192_168_1_208,2265,0,2012-07-01 00:00:00
ug06,192_168_1_208,2805,0,2012-08-01 00:00:00
ug06,192_168_1_208,55447,0,2012-10-01 00:00:00
ug06,192_168_1_208,98221,0,2012-11-01 00:00:00
ug06,192_168_1_208,94555,0,2012-12-01 00:00:00
ug06,192_168_1_208,110567,0,2013-01-01 00:00:00
ug06,192_168_1_208,38141,0,2013-02-01 00:00:00
ug06,192_168_1_208,133665,0,2013-03-01 00:00:00
ug06,192_168_1_208,123903,0,2013-04-01 00:00:00
ug06,192_168_1_208,123683,0,2013-05-01 00:00:00
ug06,192_168_1_208,166531,3346,2013-06-01 00:00:00
ug06,192_168_1_208,181267,0,2013-07-01 00:00:00
ug06,192_168_1_208,170339,0,2013-08-01 00:00:00
ug06,192_168_1_208,48498,0,2013-09-01 00:00:00
ug06,192_168_1_209,118,0,2011-12-01 00:00:00
ug06,192_168_1_209,15787,0,2012-07-01 00:00:00
ug06,192_168_1_209,34640,0,2012-08-01 00:00:00
ug06,192_168_1_209,195014,0,2012-09-01 00:00:00
ug06,192_168_1_209,282603,0,2012-10-01 00:00:00
ug06,192_168_1_209,168313,0,2012-11-01 00:00:00
ug06,192_168_1_209,134999,0,2012-12-01 00:00:00
ug06,192_168_1_209,193256,0,2013-01-01 00:00:00
ug06,192_168_1_209,75063,0,2013-02-01 00:00:00
ug06,192_168_1_209,107848,9,2013-03-01 00:00:00
ug06,192_168_1_209,564,30,2013-04-01 00:00:00
ug06,192_168_1_209,571,24,2013-05-01 00:00:00
ug06,192_168_1_209,58188,230,2013-06-01 00:00:00
ug06,192_168_1_209,45876,0,2013-07-01 00:00:00
ug06,192_168_1_209,185826,3,2013-08-01 00:00:00
ug06,192_168_1_209,45156,0,2013-09-01 00:00:00
ug06,192_168_1_210,741,0,2011-12-01 00:00:00
ug06,192_168_1_210,33036,0,2012-07-01 00:00:00
ug06,192_168_1_210,27786,0,2012-08-01 00:00:00
ug06,192_168_1_210,235348,0,2012-09-01 00:00:00
ug06,192_168_1_210,132745,6,2012-10-01 00:00:00
ug06,192_168_1_210,26,0,2012-11-01 00:00:00
ug06,192_168_1_210,207598,0,2012-12-01 00:00:00
ug06,192_168_1_210,234585,1,2013-01-01 00:00:00
ug06,192_168_1_210,91372,0,2013-02-01 00:00:00
ug06,192_168_1_210,267185,0,2013-03-01 00:00:00
ug06,192_168_1_210,252670,0,2013-04-01 00:00:00
ug06,192_168_1_210,181502,0,2013-05-01 00:00:00
ug06,192_168_1_210,163288,689,2013-06-01 00:00:00
ug06,192_168_1_210,199217,0,2013-07-01 00:00:00
ug06,192_168_1_210,106781,0,2013-08-01 00:00:00
ug06,192_168_1_211,255640,0,2011-12-01 00:00:00
ug06,192_168_1_211,242979,1,2012-01-01 00:00:00
ug06,192_168_1_211,152137,5,2012-02-01 00:00:00
ug06,192_168_1_211,57320,3,2012-03-01 00:00:00
ug06,192_168_1_211,60835,4,2012-04-01 00:00:00
ug06,192_168_1_211,3,0,2012-05-01 00:00:00
ug06,192_168_1_211,20961,0,2012-07-01 00:00:00
ug06,192_168_1_211,25453,0,2012-08-01 00:00:00
ug06,192_168_1_211,244909,0,2012-09-01 00:00:00
ug06,192_168_1_211,130228,0,2012-10-01 00:00:00
ug06,192_168_1_211,95284,1,2012-11-01 00:00:00
ug06,192_168_1_211,149018,0,2012-12-01 00:00:00
ug06,192_168_1_211,198676,0,2013-01-01 00:00:00
ug06,192_168_1_211,68272,1,2013-02-01 00:00:00
ug06,192_168_1_211,157191,135,2013-03-01 00:00:00
ug06,192_168_1_211,118309,0,2013-04-01 00:00:00
ug06,192_168_1_211,171855,0,2013-05-01 00:00:00
ug06,192_168_1_211,145081,714,2013-06-01 00:00:00
ug06,192_168_1_211,17775,1,2013-07-01 00:00:00
ug06,192_168_1_212,148408,0,2011-12-01 00:00:00
ug06,192_168_1_212,134285,0,2012-01-01 00:00:00
ug06,192_168_1_212,102518,1,2012-02-01 00:00:00
ug06,192_168_1_212,37618,0,2012-03-01 00:00:00
ug06,192_168_1_212,89633,0,2012-04-01 00:00:00
ug06,192_168_1_212,126467,0,2012-05-01 00:00:00
ug06,192_168_1_212,7543,0,2012-07-01 00:00:00
ug06,192_168_1_212,16467,0,2012-08-01 00:00:00
ug06,192_168_1_212,109370,0,2012-09-01 00:00:00
ug06,192_168_1_212,83714,0,2012-10-01 00:00:00
ug06,192_168_1_212,73130,0,2012-11-01 00:00:00
ug06,192_168_1_212,70032,0,2012-12-01 00:00:00
ug06,192_168_1_212,155557,0,2013-01-01 00:00:00
ug06,192_168_1_212,50318,0,2013-02-01 00:00:00
ug06,192_168_1_212,218667,0,2013-03-01 00:00:00
ug06,192_168_1_212,156794,0,2013-04-01 00:00:00
ug06,192_168_1_212,101137,0,2013-05-01 00:00:00
ug06,192_168_1_213,57398,0,2011-12-01 00:00:00
ug06,192_168_1_213,36350,0,2012-01-01 00:00:00
ug06,192_168_1_213,47985,0,2012-02-01 00:00:00
ug06,192_168_1_213,30362,0,2012-03-01 00:00:00
ug06,192_168_1_213,54322,0,2012-04-01 00:00:00
ug06,192_168_1_213,49456,0,2012-05-01 00:00:00
ug06,192_168_1_213,14531,0,2012-08-01 00:00:00
ug06,192_168_1_213,12328,0,2012-09-01 00:00:00
ug06,192_168_1_213,31356,0,2012-10-01 00:00:00
ug06,192_168_1_213,15412,0,2012-11-01 00:00:00
ug06,192_168_1_213,59757,0,2012-12-01 00:00:00
ug06,192_168_1_213,43985,0,2013-01-01 00:00:00
ug06,192_168_1_213,21844,0,2013-02-01 00:00:00
ug06,192_168_1_213,75506,0,2013-03-01 00:00:00
ug06,192_168_1_213,48090,1,2013-04-01 00:00:00
ug06,192_168_1_213,22,0,2013-05-01 00:00:00
ug06,192_168_1_213,5221,0,2013-06-01 00:00:00
ug06,192_168_1_213,66346,0,2013-07-01 00:00:00
ug06,192_168_1_213,83703,0,2013-08-01 00:00:00
ug06,192_168_1_213,20292,0,2013-09-01 00:00:00
ug07,192_168_1_200,655939,0,2011-12-01 00:00:00
ug07,192_168_1_200,559063,0,2012-01-01 00:00:00
ug07,192_168_1_200,382134,0,2012-06-01 00:00:00
ug07,192_168_1_200,657615,0,2012-07-01 00:00:00
ug07,192_168_1_200,510679,6,2012-09-01 00:00:00
ug07,192_168_1_200,745436,15,2012-10-01 00:00:00
ug07,192_168_1_200,271468,33,2012-11-01 00:00:00
ug07,192_168_1_200,13479,12,2012-12-01 00:00:00
ug07,192_168_1_200,727456,0,2013-01-01 00:00:00
ug07,192_168_1_200,695878,0,2013-02-01 00:00:00
ug07,192_168_1_200,768545,0,2013-03-01 00:00:00
ug07,192_168_1_200,720421,0,2013-04-01 00:00:00
ug07,192_168_1_200,320571,13,2013-05-01 00:00:00
ug07,192_168_1_200,707755,55,2013-07-01 00:00:00
ug07,192_168_1_200,770384,155,2013-08-01 00:00:00
ug07,192_168_1_200,264362,71,2013-09-01 00:00:00
ug07,192_168_1_201,170345,0,2011-12-01 00:00:00
ug07,192_168_1_201,407514,0,2012-01-01 00:00:00
ug07,192_168_1_201,93177,0,2012-02-01 00:00:00
ug07,192_168_1_201,80473,0,2012-06-01 00:00:00
ug07,192_168_1_201,81795,0,2012-07-01 00:00:00
ug07,192_168_1_201,62877,17,2012-11-01 00:00:00
ug07,192_168_1_201,2068,1,2012-12-01 00:00:00
ug07,192_168_1_201,339187,0,2013-01-01 00:00:00
ug07,192_168_1_201,382334,0,2013-02-01 00:00:00
ug07,192_168_1_201,365755,0,2013-03-01 00:00:00
ug07,192_168_1_201,284570,0,2013-04-01 00:00:00
ug07,192_168_1_201,118611,0,2013-05-01 00:00:00
ug07,192_168_1_201,246488,0,2013-07-01 00:00:00
ug07,192_168_1_201,316826,0,2013-08-01 00:00:00
ug07,192_168_1_201,128247,0,2013-09-01 00:00:00
ug07,192_168_1_202,7821,0,2011-12-01 00:00:00
ug07,192_168_1_202,15,0,2012-06-01 00:00:00
ug07,192_168_1_203,80510,0,2011-12-01 00:00:00
ug07,192_168_1_203,117655,1,2012-01-01 00:00:00
ug07,192_168_1_203,18750,0,2012-02-01 00:00:00
ug07,192_168_1_203,6761,0,2012-06-01 00:00:00
ug07,192_168_1_203,65480,1,2012-07-01 00:00:00
ug07,192_168_1_203,27174,0,2012-09-01 00:00:00
ug07,192_168_1_203,12,0,2012-10-01 00:00:00
ug07,192_168_1_203,2,0,2012-11-01 00:00:00
ug07,192_168_1_203,107145,0,2013-01-01 00:00:00
ug07,192_168_1_203,101348,0,2013-02-01 00:00:00
ug07,192_168_1_203,128484,0,2013-03-01 00:00:00
ug07,192_168_1_203,128024,0,2013-04-01 00:00:00
ug07,192_168_1_203,70041,0,2013-05-01 00:00:00
ug07,192_168_1_203,146908,0,2013-07-01 00:00:00
ug07,192_168_1_203,135959,0,2013-08-01 00:00:00
ug07,192_168_1_203,49585,0,2013-09-01 00:00:00
ug07,192_168_1_204,65971,0,2011-12-01 00:00:00
ug07,192_168_1_204,15,0,2012-06-01 00:00:00
ug07,192_168_1_204,136813,2,2013-05-01 00:00:00
ug07,192_168_1_204,573041,8,2013-07-01 00:00:00
ug07,192_168_1_204,667165,7,2013-08-01 00:00:00
ug07,192_168_1_204,240908,1,2013-09-01 00:00:00
ug07,192_168_1_205,212208,1,2011-12-01 00:00:00
ug07,192_168_1_205,336103,1,2012-01-01 00:00:00
ug07,192_168_1_205,82576,0,2012-02-01 00:00:00
ug07,192_168_1_205,146439,0,2012-06-01 00:00:00
ug07,192_168_1_205,242339,2,2012-07-01 00:00:00
ug07,192_168_1_205,274026,4,2012-09-01 00:00:00
ug07,192_168_1_205,449880,3,2012-10-01 00:00:00
ug07,192_168_1_205,159952,16,2012-11-01 00:00:00
ug07,192_168_1_205,396301,0,2013-01-01 00:00:00
ug07,192_168_1_205,332882,3,2013-02-01 00:00:00
ug07,192_168_1_205,305124,2,2013-03-01 00:00:00
ug07,192_168_1_205,287762,1,2013-04-01 00:00:00
ug07,192_168_1_205,89811,3,2013-05-01 00:00:00
ug07,192_168_1_205,305236,2,2013-07-01 00:00:00
ug07,192_168_1_205,339150,3,2013-08-01 00:00:00
ug07,192_168_1_205,131725,1,2013-09-01 00:00:00
ug07,192_168_1_206,30,0,2011-12-01 00:00:00
ug08,192_168_1_200,602554,3,2011-12-01 00:00:00
ug08,192_168_1_200,764482,384,2012-01-01 00:00:00
ug08,192_168_1_200,715821,697,2012-02-01 00:00:00
ug08,192_168_1_200,757858,433,2012-03-01 00:00:00
ug08,192_168_1_200,742344,428,2012-04-01 00:00:00
ug08,192_168_1_200,771020,235,2012-05-01 00:00:00
ug08,192_168_1_200,744310,217,2012-06-01 00:00:00
ug08,192_168_1_200,766874,252,2012-07-01 00:00:00
ug08,192_168_1_200,757018,111,2012-08-01 00:00:00
ug08,192_168_1_200,737088,153,2012-09-01 00:00:00
ug08,192_168_1_200,762585,451,2012-10-01 00:00:00
ug08,192_168_1_200,734135,246,2012-11-01 00:00:00
ug08,192_168_1_200,754142,56,2012-12-01 00:00:00
ug08,192_168_1_200,750731,716,2013-01-01 00:00:00
ug08,192_168_1_200,661420,3050,2013-02-01 00:00:00
ug08,192_168_1_200,701381,328,2013-03-01 00:00:00
ug08,192_168_1_200,725219,145,2013-04-01 00:00:00
ug08,192_168_1_200,770244,44,2013-05-01 00:00:00
ug08,192_168_1_200,717818,2101,2013-06-01 00:00:00
ug08,192_168_1_200,356302,28,2013-07-01 00:00:00
ug08,192_168_1_200,453343,761,2013-08-01 00:00:00
ug08,192_168_1_200,261412,125,2013-09-01 00:00:00
ug08,192_168_1_201,93286,2,2011-12-01 00:00:00
ug08,192_168_1_201,75620,3,2012-01-01 00:00:00
ug08,192_168_1_201,29922,0,2012-02-01 00:00:00
ug08,192_168_1_201,8911,0,2012-03-01 00:00:00
ug08,192_168_1_201,9774,1,2012-04-01 00:00:00
ug08,192_168_1_201,12484,0,2012-05-01 00:00:00
ug08,192_168_1_201,52924,0,2012-06-01 00:00:00
ug08,192_168_1_201,82715,0,2012-07-01 00:00:00
ug08,192_168_1_201,90996,0,2012-08-01 00:00:00
ug08,192_168_1_201,112905,0,2012-09-01 00:00:00
ug08,192_168_1_201,163763,0,2012-10-01 00:00:00
ug08,192_168_1_201,192666,1,2012-11-01 00:00:00
ug08,192_168_1_201,166381,0,2012-12-01 00:00:00
ug08,192_168_1_201,178240,0,2013-01-01 00:00:00
ug08,192_168_1_201,180435,66,2013-02-01 00:00:00
ug08,192_168_1_201,228777,0,2013-03-01 00:00:00
ug08,192_168_1_201,217676,0,2013-04-01 00:00:00
ug08,192_168_1_201,251047,1,2013-05-01 00:00:00
ug08,192_168_1_201,258889,92,2013-06-01 00:00:00
ug08,192_168_1_201,166457,1,2013-07-01 00:00:00
ug08,192_168_1_201,123208,1,2013-08-01 00:00:00
ug08,192_168_1_201,84912,1,2013-09-01 00:00:00
ug08,192_168_1_202,58787,1,2011-12-01 00:00:00
ug08,192_168_1_202,155958,293,2012-01-01 00:00:00
ug08,192_168_1_202,5138,0,2012-05-01 00:00:00
ug08,192_168_1_202,533861,127,2012-06-01 00:00:00
ug08,192_168_1_202,548339,0,2012-07-01 00:00:00
ug08,192_168_1_202,264770,0,2012-08-01 00:00:00
ug08,192_168_1_202,360566,0,2012-09-01 00:00:00
ug08,192_168_1_202,408182,0,2012-10-01 00:00:00
ug08,192_168_1_202,297096,0,2012-11-01 00:00:00
ug08,192_168_1_202,97554,0,2012-12-01 00:00:00
ug08,192_168_1_202,228233,670,2013-01-01 00:00:00
ug08,192_168_1_202,375406,1601,2013-02-01 00:00:00
ug08,192_168_1_202,329991,203,2013-03-01 00:00:00
ug08,192_168_1_202,312347,13,2013-04-01 00:00:00
ug08,192_168_1_202,304613,0,2013-05-01 00:00:00
ug08,192_168_1_202,425591,1306,2013-06-01 00:00:00
ug08,192_168_1_202,197172,0,2013-07-01 00:00:00
ug08,192_168_1_202,184966,1,2013-08-01 00:00:00
ug08,192_168_1_202,110753,0,2013-09-01 00:00:00
ug08,192_168_1_203,349537,0,2011-12-01 00:00:00
ug08,192_168_1_203,611351,154,2012-01-01 00:00:00
ug08,192_168_1_203,588188,0,2012-02-01 00:00:00
ug08,192_168_1_203,591341,0,2012-03-01 00:00:00
ug08,192_168_1_203,414828,1,2012-04-01 00:00:00
ug08,192_168_1_203,512577,0,2012-05-01 00:00:00
ug08,192_168_1_203,630800,0,2012-06-01 00:00:00
ug08,192_168_1_203,661361,0,2012-07-01 00:00:00
ug08,192_168_1_203,634805,0,2012-08-01 00:00:00
ug08,192_168_1_203,558792,0,2012-09-01 00:00:00
ug08,192_168_1_203,252803,1,2012-10-01 00:00:00
ug08,192_168_1_203,564236,0,2012-11-01 00:00:00
ug08,192_168_1_203,575256,0,2012-12-01 00:00:00
ug08,192_168_1_203,252082,0,2013-01-01 00:00:00
ug08,192_168_1_203,304201,2326,2013-02-01 00:00:00
ug08,192_168_1_203,607042,0,2013-03-01 00:00:00
ug08,192_168_1_203,679236,94,2013-04-01 00:00:00
ug08,192_168_1_203,710454,0,2013-05-01 00:00:00
ug08,192_168_1_203,658175,1522,2013-06-01 00:00:00
ug08,192_168_1_203,259366,1,2013-07-01 00:00:00
ug08,192_168_1_203,436152,366,2013-08-01 00:00:00
ug08,192_168_1_203,220854,0,2013-09-01 00:00:00
ug08,192_168_1_204,70649,0,2011-12-01 00:00:00
ug08,192_168_1_204,112428,1,2012-01-01 00:00:00
ug08,192_168_1_204,90920,1,2012-02-01 00:00:00
ug08,192_168_1_204,109510,1,2012-03-01 00:00:00
ug08,192_168_1_204,115417,0,2012-04-01 00:00:00
ug08,192_168_1_204,110559,0,2012-05-01 00:00:00
ug08,192_168_1_204,179861,0,2012-06-01 00:00:00
ug08,192_168_1_204,276873,0,2012-07-01 00:00:00
ug08,192_168_1_204,234496,0,2012-08-01 00:00:00
ug08,192_168_1_204,221899,1,2012-09-01 00:00:00
ug08,192_168_1_204,198819,0,2012-10-01 00:00:00
ug08,192_168_1_204,201850,0,2012-11-01 00:00:00
ug08,192_168_1_204,177335,1,2012-12-01 00:00:00
ug08,192_168_1_204,243051,54,2013-01-01 00:00:00
ug08,192_168_1_204,107151,0,2013-02-01 00:00:00
ug08,192_168_1_204,190067,0,2013-03-01 00:00:00
ug08,192_168_1_204,124544,0,2013-04-01 00:00:00
ug08,192_168_1_204,113035,0,2013-05-01 00:00:00
ug08,192_168_1_204,99053,0,2013-06-01 00:00:00
ug08,192_168_1_204,54110,0,2013-07-01 00:00:00
ug08,192_168_1_204,74532,0,2013-08-01 00:00:00
ug08,192_168_1_204,40730,0,2013-09-01 00:00:00
ug08,192_168_1_205,209767,2,2011-12-01 00:00:00
ug08,192_168_1_205,333952,0,2012-01-01 00:00:00
ug08,192_168_1_205,209031,0,2012-02-01 00:00:00
ug08,192_168_1_205,204403,0,2012-03-01 00:00:00
ug08,192_168_1_205,230256,1,2012-04-01 00:00:00
ug08,192_168_1_205,227492,0,2012-05-01 00:00:00
ug08,192_168_1_205,186757,0,2012-06-01 00:00:00
ug08,192_168_1_205,230063,0,2012-07-01 00:00:00
ug08,192_168_1_205,248395,0,2012-08-01 00:00:00
ug08,192_168_1_205,220781,0,2012-09-01 00:00:00
ug08,192_168_1_205,302643,0,2012-10-01 00:00:00
ug08,192_168_1_205,225204,0,2012-11-01 00:00:00
ug08,192_168_1_205,226241,1,2012-12-01 00:00:00
ug08,192_168_1_205,219715,0,2013-01-01 00:00:00
ug08,192_168_1_205,204971,386,2013-02-01 00:00:00
ug08,192_168_1_205,267181,0,2013-03-01 00:00:00
ug08,192_168_1_205,167667,0,2013-04-01 00:00:00
ug08,192_168_1_205,249244,1,2013-05-01 00:00:00
ug08,192_168_1_205,207881,0,2013-06-01 00:00:00
ug08,192_168_1_205,153895,0,2013-07-01 00:00:00
ug08,192_168_1_205,195490,1,2013-08-01 00:00:00
ug08,192_168_1_205,89984,0,2013-09-01 00:00:00
ug08,192_168_1_206,189525,2,2011-12-01 00:00:00
ug08,192_168_1_206,342358,1,2012-01-01 00:00:00
ug08,192_168_1_206,352856,0,2012-02-01 00:00:00
ug08,192_168_1_206,386544,0,2012-03-01 00:00:00
ug08,192_168_1_206,341631,3,2012-04-01 00:00:00
ug08,192_168_1_206,325345,1,2012-05-01 00:00:00
ug08,192_168_1_206,321732,0,2012-06-01 00:00:00
ug08,192_168_1_206,355411,0,2012-07-01 00:00:00
ug08,192_168_1_206,349496,0,2012-08-01 00:00:00
ug08,192_168_1_206,392047,0,2012-09-01 00:00:00
ug08,192_168_1_206,138601,0,2012-10-01 00:00:00
ug08,192_168_1_206,388195,0,2012-11-01 00:00:00
ug08,192_168_1_206,302962,0,2012-12-01 00:00:00
ug08,192_168_1_206,327888,642,2013-01-01 00:00:00
ug08,192_168_1_206,378752,2178,2013-02-01 00:00:00
ug08,192_168_1_206,401968,274,2013-03-01 00:00:00
ug08,192_168_1_206,425525,96,2013-04-01 00:00:00
ug08,192_168_1_206,469966,2,2013-05-01 00:00:00
ug08,192_168_1_206,528688,1494,2013-06-01 00:00:00
ug08,192_168_1_206,289777,1,2013-07-01 00:00:00
ug08,192_168_1_206,267723,450,2013-08-01 00:00:00
ug08,192_168_1_206,188254,1,2013-09-01 00:00:00
ug08,192_168_1_207,134151,0,2011-12-01 00:00:00
ug08,192_168_1_207,164667,0,2012-01-01 00:00:00
ug08,192_168_1_207,101921,0,2012-02-01 00:00:00
ug08,192_168_1_207,158410,0,2012-03-01 00:00:00
ug08,192_168_1_207,93797,0,2012-04-01 00:00:00
ug08,192_168_1_207,191235,0,2012-06-01 00:00:00
ug08,192_168_1_207,205312,0,2012-07-01 00:00:00
ug08,192_168_1_207,166308,1,2012-08-01 00:00:00
ug08,192_168_1_207,197437,0,2012-09-01 00:00:00
ug08,192_168_1_207,243363,0,2012-10-01 00:00:00
ug08,192_168_1_207,277200,0,2012-11-01 00:00:00
ug08,192_168_1_207,218189,1,2012-12-01 00:00:00
ug08,192_168_1_207,167807,0,2013-01-01 00:00:00
ug08,192_168_1_207,102175,0,2013-02-01 00:00:00
ug08,192_168_1_207,142036,0,2013-03-01 00:00:00
ug08,192_168_1_207,97326,0,2013-04-01 00:00:00
ug08,192_168_1_207,91673,0,2013-05-01 00:00:00
ug08,192_168_1_207,99806,0,2013-06-01 00:00:00
ug08,192_168_1_207,53681,0,2013-07-01 00:00:00
ug08,192_168_1_207,65794,1,2013-08-01 00:00:00
ug08,192_168_1_207,30276,0,2013-09-01 00:00:00
ug08,192_168_1_208,56504,2,2011-12-01 00:00:00
ug08,192_168_1_208,59357,0,2012-01-01 00:00:00
ug08,192_168_1_208,58753,0,2012-02-01 00:00:00
ug08,192_168_1_208,56410,0,2012-03-01 00:00:00
ug08,192_168_1_208,58254,0,2012-04-01 00:00:00
ug08,192_168_1_208,60121,0,2012-05-01 00:00:00
ug08,192_168_1_208,93614,0,2012-06-01 00:00:00
ug08,192_168_1_208,85427,0,2012-07-01 00:00:00
ug08,192_168_1_208,58897,0,2012-08-01 00:00:00
ug08,192_168_1_208,63960,0,2012-09-01 00:00:00
ug08,192_168_1_208,56836,0,2012-10-01 00:00:00
ug08,192_168_1_208,103896,0,2012-11-01 00:00:00
ug08,192_168_1_208,67673,0,2012-12-01 00:00:00
ug08,192_168_1_208,127986,0,2013-01-01 00:00:00
ug08,192_168_1_208,95816,0,2013-02-01 00:00:00
ug08,192_168_1_208,54414,0,2013-03-01 00:00:00
ug08,192_168_1_208,57758,0,2013-04-01 00:00:00
ug08,192_168_1_208,95876,0,2013-05-01 00:00:00
ug08,192_168_1_208,83425,0,2013-06-01 00:00:00
ug08,192_168_1_208,43396,0,2013-07-01 00:00:00
ug08,192_168_1_208,39373,0,2013-08-01 00:00:00
ug08,192_168_1_208,25673,2,2013-09-01 00:00:00
ug08,192_168_1_209,189803,0,2011-12-01 00:00:00
ug08,192_168_1_209,325855,0,2012-01-01 00:00:00
ug08,192_168_1_209,354502,32,2012-02-01 00:00:00
ug08,192_168_1_209,308493,0,2012-03-01 00:00:00
ug08,192_168_1_209,384771,135,2012-04-01 00:00:00
ug08,192_168_1_209,410260,0,2012-05-01 00:00:00
ug08,192_168_1_209,416130,0,2012-06-01 00:00:00
ug08,192_168_1_209,440769,66,2012-07-01 00:00:00
ug08,192_168_1_209,373822,0,2012-08-01 00:00:00
ug08,192_168_1_209,384823,1,2012-09-01 00:00:00
ug08,192_168_1_209,356082,0,2012-10-01 00:00:00
ug08,192_168_1_209,350259,0,2012-11-01 00:00:00
ug08,192_168_1_209,369977,0,2012-12-01 00:00:00
ug08,192_168_1_209,376827,836,2013-01-01 00:00:00
ug08,192_168_1_209,305630,1602,2013-02-01 00:00:00
ug08,192_168_1_209,341861,272,2013-03-01 00:00:00
ug08,192_168_1_209,316222,13,2013-04-01 00:00:00
ug08,192_168_1_209,345243,0,2013-05-01 00:00:00
ug08,192_168_1_209,316003,1450,2013-06-01 00:00:00
ug08,192_168_1_209,158192,0,2013-07-01 00:00:00
ug08,192_168_1_209,214568,231,2013-08-01 00:00:00
ug08,192_168_1_209,131466,0,2013-09-01 00:00:00
ug08,192_168_1_210,93230,1,2011-12-01 00:00:00
ug08,192_168_1_210,144024,1,2012-01-01 00:00:00
ug08,192_168_1_210,346823,36,2012-02-01 00:00:00
ug08,192_168_1_210,394608,70,2012-03-01 00:00:00
ug08,192_168_1_210,364900,140,2012-04-01 00:00:00
ug08,192_168_1_210,392775,2,2012-05-01 00:00:00
ug08,192_168_1_210,414032,180,2012-06-01 00:00:00
ug08,192_168_1_210,467788,115,2012-07-01 00:00:00
ug08,192_168_1_210,460136,3,2012-08-01 00:00:00
ug08,192_168_1_210,397532,3,2012-09-01 00:00:00
ug08,192_168_1_210,413407,3,2012-10-01 00:00:00
ug08,192_168_1_210,442182,1,2012-11-01 00:00:00
ug08,192_168_1_210,387778,1,2012-12-01 00:00:00
ug08,192_168_1_210,440824,586,2013-01-01 00:00:00
ug08,192_168_1_210,395512,1605,2013-02-01 00:00:00
ug08,192_168_1_210,449090,1,2013-03-01 00:00:00
ug08,192_168_1_210,458271,94,2013-04-01 00:00:00
ug08,192_168_1_210,490596,2,2013-05-01 00:00:00
ug08,192_168_1_210,438980,1227,2013-06-01 00:00:00
ug08,192_168_1_210,201586,7,2013-07-01 00:00:00
ug08,192_168_1_210,240985,427,2013-08-01 00:00:00
ug08,192_168_1_210,145973,0,2013-09-01 00:00:00
ug08,192_168_1_212,3,0,2012-02-01 00:00:00
ug08,192_168_1_212,2,0,2012-03-01 00:00:00
ug08,192_168_1_212,3,0,2012-04-01 00:00:00
ug08,192_168_1_212,3,0,2012-05-01 00:00:00
ug08,192_168_1_219,1,0,2012-02-01 00:00:00
ug08,192_168_1_219,1,0,2012-05-01 00:00:00
